weight,tukey_lambda,shrinkage_alpha_0,shrinkage_alpha_1,knn_k,kmeans_k,last_task_accuracy
distance,0.693680112164651,4.229988890170132,7.978137852607187,20,14,54.09000015258789
distance,0.001,0.0,0.0,1,1,0.4
distance,0.5005,5.0,5.0,11,11,55.959999084472656
distance,0.75025,2.5,2.5,5,15,58.73999786376953
uniform,0.25075,7.5,7.5,15,5,53.7599983215332
distance,0.375625,3.75,6.25,18,8,56.23999786376953
distance,0.875125,8.75,1.25,8,18,53.13999557495117
distance,0.625375,1.25,8.75,13,13,41.130001068115234
uniform,0.125875,6.25,3.75,3,3,54.35000228881836
distance,0.1883125,3.125,9.375,9,12,59.0099983215332
uniform,0.6878125,8.125,4.375,19,2,55.23999786376953
uniform,0.9375625,0.625,6.875,4,7,15.369998931884766
uniform,0.4380625,5.625,1.875,14,17,53.95000076293945
distance,0.3131875,1.875,3.125,12,19,61.589996337890625
distance,0.8126875,6.875,8.125,2,9,55.39999771118164
distance,0.5629375,4.375,0.625,17,4,51.37000274658203
distance,0.0634375,9.375,5.625,7,14,51.51000213623047
distance,0.09465625,4.6875,4.6875,14,6,54.70000076293945
uniform,0.59415625,9.6875,9.6875,4,16,57.76000213623047
uniform,0.84390625,2.1875,2.1875,19,11,55.159996032714844
uniform,0.34440625,7.1875,7.1875,9,1,56.22999572753906
distance,0.46928125,0.9375,8.4375,6,4,28.020000457763672
distance,0.96878125,5.9375,3.4375,16,14,50.04999542236328
distance,0.71903125,3.4375,5.9375,1,19,57.65999984741211
distance,0.21953125,8.4375,0.9375,11,9,51.59000015258789
distance,0.15709375,1.5625,5.3125,17,17,57.88999938964844
distance,0.65659375,6.5625,0.3125,7,7,51.65999984741211
distance,0.90634375,4.0625,7.8125,12,2,55.209999084472656
uniform,0.40684375,9.0625,2.8125,2,12,56.970001220703125
distance,0.28196875,2.8125,1.5625,5,15,59.40999984741211
uniform,0.78146875,7.8125,6.5625,15,5,50.33000183105469
uniform,0.53171875,0.3125,4.0625,10,10,4.519999980926514
distance,0.03221875,5.3125,9.0625,20,20,50.0
distance,0.047828125,2.65625,7.03125,11,3,43.69999694824219
distance,0.547328125,7.65625,2.03125,1,13,57.150001525878906
distance,0.797078125,0.15625,9.53125,16,18,7.409999370574951
uniform,0.297578125,5.15625,4.53125,6,8,57.62000274658203
uniform,0.422453125,1.40625,0.78125,9,6,59.70000076293945
distance,0.921953125,6.40625,5.78125,19,16,50.13999938964844
distance,0.672203125,3.90625,3.28125,4,11,58.31999969482422
uniform,0.172703125,8.90625,8.28125,14,1,52.8599967956543
uniform,0.235140625,0.78125,2.65625,20,15,60.619998931884766
uniform,0.734640625,5.78125,7.65625,10,5,52.349998474121094
distance,0.984390625,3.28125,0.15625,15,10,52.15999984741211
distance,0.484890625,8.28125,5.15625,5,20,57.06999969482422
uniform,0.360015625,4.53125,8.90625,3,17,59.95999526977539
uniform,0.859515625,9.53125,3.90625,13,7,48.689998626708984
uniform,0.609765625,2.03125,6.40625,8,2,58.97999954223633
distance,0.110265625,7.03125,1.40625,18,12,52.63999557495117
uniform,0.079046875,2.34375,7.96875,3,9,49.269996643066406
distance,0.578546875,7.34375,2.96875,13,19,53.54999923706055
uniform,0.828296875,4.84375,5.46875,8,14,55.529998779296875
uniform,0.328796875,9.84375,0.46875,18,4,52.999996185302734
uniform,0.453671875,3.59375,4.21875,16,1,59.39999771118164
uniform,0.953171875,8.59375,9.21875,6,11,54.15999984741211
uniform,0.703421875,1.09375,1.71875,11,16,60.28999710083008
distance,0.203921875,6.09375,6.71875,1,6,57.209999084472656
uniform,0.141484375,4.21875,2.34375,7,20,56.94000244140625
distance,0.640984375,9.21875,7.34375,17,10,51.349998474121094
uniform,0.890734375,1.71875,4.84375,2,5,54.249996185302734
distance,0.391234375,6.71875,9.84375,12,15,56.529998779296875
uniform,0.266359375,0.46875,6.09375,15,13,34.04999923706055
uniform,0.765859375,5.46875,1.09375,5,3,51.87999725341797
distance,0.516109375,2.96875,8.59375,20,8,56.659996032714844
distance,0.016609375,7.96875,3.59375,10,18,31.31999969482422
uniform,0.0244140625,3.984375,8.203125,17,13,42.5
distance,0.5239140625,8.984375,3.203125,7,3,52.22999954223633
uniform,0.7736640625,1.484375,5.703125,12,8,57.22999572753906
distance,0.2741640625,6.484375,0.703125,2,18,56.079994201660156
distance,0.3990390625,0.234375,4.453125,5,16,2.929999828338623
uniform,0.8985390625,5.234375,9.453125,15,6,50.93000030517578
uniform,0.6487890625,2.734375,1.953125,10,1,59.29999923706055
uniform,0.1492890625,7.734375,6.953125,20,11,52.929996490478516
distance,0.2117265625,2.109375,1.328125,13,5,57.88999938964844
distance,0.7112265625,7.109375,6.328125,3,15,57.220001220703125
uniform,0.9609765625,4.609375,3.828125,18,20,51.82999801635742
distance,0.4614765625,9.609375,8.828125,8,10,55.709999084472656
distance,0.3366015625,3.359375,5.078125,6,7,59.57999801635742
distance,0.8361015625,8.359375,0.078125,16,17,49.769996643066406
distance,0.5863515625,0.859375,7.578125,1,12,23.950000762939453
distance,0.0868515625,5.859375,2.578125,11,2,52.349998474121094
uniform,0.1180703125,1.171875,6.640625,10,19,49.619998931884766
distance,0.6175703125,6.171875,1.640625,20,9,48.89999771118164
distance,0.8673203125,3.671875,9.140625,5,4,56.209999084472656
uniform,0.3678203125,8.671875,4.140625,15,14,52.72999954223633
uniform,0.4926953125,4.921875,0.390625,13,12,51.470001220703125
distance,0.9921953125,9.921875,5.390625,3,2,51.720001220703125
distance,0.7424453125,2.421875,2.890625,18,7,54.75
uniform,0.2429453125,7.421875,7.890625,8,17,56.279998779296875
distance,0.1805078125,3.046875,3.515625,2,10,58.749996185302734
distance,0.6800078125,8.046875,8.515625,12,20,54.70000076293945
uniform,0.9297578125,0.546875,1.015625,7,15,52.95999526977539
distance,0.4302578125,5.546875,6.015625,17,5,53.82999801635742
uniform,0.3053828125,1.796875,9.765625,19,3,55.88999938964844
uniform,0.8048828125,6.796875,4.765625,9,13,53.88999557495117
distance,0.5551328125,4.296875,7.265625,14,18,56.849998474121094
uniform,0.0556328125,9.296875,2.265625,4,8,47.880001068115234
distance,0.0400234375,1.328125,3.984375,8,11,40.80999755859375
uniform,0.5395234375,6.328125,8.984375,18,1,57.5
uniform,0.7892734375,3.828125,1.484375,3,6,56.279998779296875
distance,0.2897734375,8.828125,6.484375,13,16,54.1400032043457
uniform,0.4146484375,2.578125,7.734375,15,18,60.09000015258789
distance,0.9141484375,7.578125,2.734375,5,8,53.46999740600586
uniform,0.6643984375,0.078125,5.234375,20,3,2.259999990463257
uniform,0.1648984375,5.078125,0.234375,10,13,54.78999710083008
uniform,0.2273359375,4.453125,5.859375,4,2,57.269996643066406
distance,0.7268359375,9.453125,0.859375,14,12,49.839996337890625
distance,0.9765859375,1.953125,8.359375,9,17,53.03999710083008
distance,0.4770859375,6.953125,3.359375,19,7,51.099998474121094
distance,0.3522109375,0.703125,2.109375,16,9,62.1199951171875
distance,0.8517109375,5.703125,7.109375,6,19,56.209999084472656
uniform,0.6019609375,3.203125,4.609375,11,14,57.68000030517578
uniform,0.1024609375,8.203125,9.609375,1,4,53.39999771118164
distance,0.0712421875,3.515625,1.171875,19,16,51.98999786376953
uniform,0.5707421875,8.515625,6.171875,9,6,53.63999557495117
distance,0.8204921875,1.015625,3.671875,14,1,56.970001220703125
distance,0.3209921875,6.015625,8.671875,4,11,58.63999557495117
distance,0.4458671875,2.265625,7.421875,2,14,60.10000228881836
distance,0.9453671875,7.265625,2.421875,12,4,48.33000183105469
uniform,0.6956171875,4.765625,9.921875,7,9,56.790000915527344
distance,0.1961171875,9.765625,4.921875,17,19,52.499996185302734
distance,0.1336796875,0.390625,9.296875,11,8,1.850000023841858
uniform,0.6331796875,5.390625,4.296875,1,18,58.189998626708984
distance,0.8829296875,2.890625,6.796875,16,13,55.540000915527344
distance,0.3834296875,7.890625,1.796875,6,3,51.72999954223633
distance,0.2585546875,4.140625,3.046875,8,5,55.970001220703125
uniform,0.7580546875,9.140625,8.046875,18,15,51.36000061035156
uniform,0.5083046875,1.640625,0.546875,3,20,60.880001068115234
distance,0.0088046875,6.640625,5.546875,13,10,30.669998168945312
uniform,0.01270703125,3.3203125,2.9296875,4,19,35.400001525878906
uniform,0.51220703125,8.3203125,7.9296875,14,9,53.619998931884766
uniform,0.76195703125,0.8203125,0.4296875,9,4,58.16999816894531
uniform,0.26245703125000003,5.8203125,5.4296875,19,14,54.71999740600586
uniform,0.38733203125,2.0703125,9.1796875,17,11,59.41999435424805
uniform,0.88683203125,7.0703125,4.1796875,7,1,54.70000076293945
distance,0.63708203125,4.5703125,6.6796875,12,6,53.63999557495117
distance,0.13758203125000001,9.5703125,1.6796875,2,16,53.79999923706055
distance,0.20001953125,0.1953125,7.3046875,6,10,1.7799999713897705
distance,0.69951953125,5.1953125,2.3046875,16,20,52.810001373291016
uniform,0.94926953125,2.6953125,9.8046875,1,15,49.55999755859375
distance,0.44976953125,7.6953125,4.8046875,11,5,52.63999557495117
uniform,0.32489453125,3.9453125,1.0546875,13,2,56.409996032714844
uniform,0.82439453125,8.9453125,6.0546875,3,12,55.87999725341797
uniform,0.57464453125,1.4453125,3.5546875,18,17,60.369998931884766
distance,0.07514453125000001,6.4453125,8.5546875,8,7,54.93000030517578
distance,0.10636328125,1.7578125,1.9921875,12,14,54.73999786376953
distance,0.60586328125,6.7578125,6.9921875,2,4,56.839996337890625
uniform,0.85561328125,4.2578125,4.4921875,17,9,51.08000183105469
uniform,0.35611328125,9.2578125,9.4921875,7,19,57.05999755859375
uniform,0.48098828125,3.0078125,5.7421875,10,17,59.7400016784668
distance,0.98048828125,8.0078125,0.7421875,20,7,46.119998931884766
distance,0.73073828125,0.5078125,8.2421875,5,2,4.579999923706055
uniform,0.23123828125,5.5078125,3.2421875,15,12,54.35000228881836
distance,0.16880078125,4.8828125,7.6171875,19,5,54.98999786376953
uniform,0.66830078125,9.8828125,2.6171875,9,15,53.45000076293945
uniform,0.91805078125,2.3828125,5.1171875,14,20,56.849998474121094
distance,0.41855078125,7.3828125,0.1171875,4,10,54.81999969482422
distance,0.29367578125,1.1328125,3.8671875,1,8,61.53999710083008
distance,0.79317578125,6.1328125,8.8671875,11,18,54.6099967956543
uniform,0.54342578125,3.6328125,1.3671875,6,13,57.12000274658203
uniform,0.043925781250000004,8.6328125,6.3671875,16,3,46.13999938964844
uniform,0.05953515625,0.6640625,9.9609375,15,16,16.779998779296875
uniform,0.55903515625,5.6640625,4.9609375,5,6,56.61000061035156
distance,0.80878515625,3.1640625,7.4609375,20,1,58.18000030517578
uniform,0.30928515625,8.1640625,2.4609375,10,11,52.96999740600586
distance,0.43416015625,4.4140625,3.7109375,8,13,57.73999786376953
uniform,0.93366015625,9.4140625,8.7109375,18,3,52.70000076293945
uniform,0.68391015625,1.9140625,1.2109375,3,8,59.929996490478516
distance,0.18441015625,6.9140625,6.2109375,13,18,55.13999938964844
distance,0.24684765625,2.5390625,0.5859375,17,7,55.13999938964844
distance,0.74634765625,7.5390625,5.5859375,7,17,55.519996643066406
uniform,0.99609765625,0.0390625,3.0859375,12,12,5.859999656677246
uniform,0.49659765625,5.0390625,8.0859375,2,2,58.48999786376953
distance,0.37172265625,1.2890625,6.8359375,4,4,59.0099983215332
uniform,0.87122265625,6.2890625,1.8359375,14,14,50.529998779296875
distance,0.62147265625,3.7890625,9.3359375,9,19,58.34000015258789
distance,0.12197265625,8.7890625,4.3359375,19,9,51.23999786376953
uniform,0.09075390625,4.1015625,5.2734375,2,11,54.529998779296875
distance,0.59025390625,9.1015625,0.2734375,12,1,51.72999954223633
uniform,0.84000390625,1.6015625,7.7734375,7,6,53.28999710083008
distance,0.34050390625,6.6015625,2.7734375,17,16,53.22999954223633
distance,0.46537890625,0.3515625,1.5234375,20,19,60.5099983215332
distance,0.96487890625,5.3515625,6.5234375,10,9,52.48999786376953
distance,0.71512890625,2.8515625,4.0234375,15,4,55.54999542236328
uniform,0.21562890625,7.8515625,9.0234375,5,14,56.529998779296875
uniform,0.15319140625,2.2265625,4.6484375,8,3,57.12999725341797
distance,0.65269140625,7.2265625,9.6484375,18,13,52.84000015258789
uniform,0.90244140625,4.7265625,2.1484375,3,18,55.81999969482422
distance,0.40294140625,9.7265625,7.1484375,13,8,52.79999923706055
uniform,0.27806640625,3.4765625,8.3984375,11,10,59.32999801635742
distance,0.77756640625,8.4765625,3.3984375,1,20,55.909996032714844
distance,0.52781640625,0.9765625,5.8984375,16,15,56.88999938964844
uniform,0.028316406250000002,5.9765625,0.8984375,6,5,39.02000045776367
uniform,0.02051171875,1.9921875,5.9765625,19,6,35.790000915527344
uniform,0.52001171875,6.9921875,0.9765625,9,16,53.57999801635742
uniform,0.76976171875,4.4921875,8.4765625,14,11,54.429996490478516
uniform,0.27026171875,9.4921875,3.4765625,4,1,52.27000045776367
uniform,0.39513671875,3.2421875,2.2265625,1,3,59.29999923706055
distance,0.89463671875,8.2421875,7.2265625,11,13,52.05999755859375
uniform,0.64488671875,0.7421875,4.7265625,6,18,51.69999694824219
distance,0.14538671875,5.7421875,9.7265625,16,8,54.779998779296875
uniform,0.20782421875,3.8671875,4.1015625,12,17,58.57999801635742
uniform,0.70732421875,8.8671875,9.1015625,2,7,56.04999542236328
distance,0.95707421875,1.3671875,1.6015625,17,2,57.099998474121094
distance,0.45757421875,6.3671875,6.6015625,7,12,57.33000183105469
distance,0.33269921875,0.1171875,7.8515625,10,14,1.3499999046325684
distance,0.83219921875,5.1171875,2.8515625,20,4,50.519996643066406
uniform,0.58244921875,2.6171875,5.3515625,5,9,59.71999740600586
uniform,0.08294921875,7.6171875,0.3515625,15,19,53.63999557495117
distance,0.11416796875,2.9296875,8.7890625,7,1,56.5
uniform,0.61366796875,7.9296875,3.7890625,17,11,51.43000030517578
distance,0.86341796875,0.4296875,6.2890625,2,16,6.5799994468688965
uniform,0.36391796875,5.4296875,1.2890625,12,6,51.89999771118164
distance,0.48879296875,1.6796875,2.5390625,14,9,59.439998626708984
uniform,0.98829296875,6.6796875,7.5390625,4,19,55.63999938964844
distance,0.73854296875,4.1796875,0.0390625,19,14,50.41999816894531
distance,0.23904296875,9.1796875,5.0390625,9,4,51.65999984741211
uniform,0.17660546875,1.0546875,0.6640625,5,12,59.15999984741211
distance,0.67610546875,6.0546875,5.6640625,15,2,54.42000198364258
uniform,0.92585546875,3.5546875,3.1640625,10,7,53.6099967956543
distance,0.42635546875,8.5546875,8.1640625,20,17,54.03000259399414
uniform,0.30148046875,4.8046875,6.9140625,18,20,57.13999938964844
uniform,0.80098046875,9.8046875,1.9140625,8,10,52.380001068115234
distance,0.55123046875,2.3046875,9.4140625,13,5,57.88999938964844
distance,0.05173046875,7.3046875,4.4140625,3,15,49.72999954223633
distance,0.03612109375,4.6484375,1.7578125,9,8,41.470001220703125
uniform,0.53562109375,9.6484375,6.7578125,19,18,53.369998931884766
uniform,0.78537109375,2.1484375,4.2578125,4,13,58.459999084472656
uniform,0.28587109375,7.1484375,9.2578125,14,3,55.900001525878906
distance,0.41074609375,0.8984375,5.5078125,11,1,57.87999725341797
uniform,0.91024609375,5.8984375,0.5078125,1,11,54.53999710083008
distance,0.66049609375,3.3984375,8.0078125,16,16,56.86000061035156
uniform,0.16099609375,8.3984375,3.0078125,6,6,53.52999496459961
distance,0.22343359375,1.5234375,8.6328125,3,20,55.959999084472656
distance,0.72293359375,6.5234375,3.6328125,13,10,51.720001220703125
uniform,0.97268359375,4.0234375,6.1328125,8,5,53.63999557495117
distance,0.47318359375,9.0234375,1.1328125,18,15,50.519996643066406
uniform,0.34830859375,2.7734375,4.8828125,20,12,58.59000015258789
uniform,0.84780859375,7.7734375,9.8828125,10,2,54.03000259399414
distance,0.59805859375,0.2734375,2.3828125,15,7,48.56999969482422
uniform,0.09855859375,5.2734375,7.3828125,5,17,56.91999816894531
distance,0.06733984375,0.5859375,3.3203125,16,4,40.97999954223633
distance,0.56683984375,5.5859375,8.3203125,6,14,58.05999755859375
uniform,0.81658984375,3.0859375,0.8203125,11,19,55.459999084472656
distance,0.31708984375,8.0859375,5.8203125,1,9,57.44999694824219
distance,0.44196484375,4.3359375,9.5703125,3,7,59.1099967956543
distance,0.94146484375,9.3359375,4.5703125,13,17,50.779998779296875
uniform,0.69171484375,1.8359375,7.0703125,8,12,57.93000030517578
distance,0.19221484375,6.8359375,2.0703125,18,2,52.739994049072266
distance,0.12977734375,3.7109375,6.4453125,14,15,58.48999786376953
uniform,0.62927734375,8.7109375,1.4453125,4,5,53.6099967956543
distance,0.87902734375,1.2109375,8.9453125,19,10,24.03999900817871
distance,0.37952734375,6.2109375,3.9453125,9,20,56.5
distance,0.25465234375,2.4609375,0.1953125,7,18,57.540000915527344
distance,0.75415234375,7.4609375,5.1953125,17,8,49.22999572753906
distance,0.50440234375,4.9609375,2.6953125,2,3,57.68000030517578
uniform,0.00490234375,9.9609375,7.6953125,12,13,22.420000076293945
distance,0.006853515625,4.98046875,6.77734375,6,16,33.88999938964844
uniform,0.506353515625,9.98046875,1.77734375,16,6,50.089996337890625
uniform,0.756103515625,2.48046875,9.27734375,1,1,57.55000305175781
uniform,0.256603515625,7.48046875,4.27734375,11,11,54.1099967956543
distance,0.381478515625,1.23046875,0.52734375,14,14,59.929996490478516
uniform,0.880978515625,6.23046875,5.52734375,4,4,54.14999771118164
uniform,0.631228515625,3.73046875,3.02734375,19,9,52.59000015258789
uniform,0.13172851562500001,8.73046875,8.02734375,9,19,55.12999725341797
uniform,0.194166015625,1.85546875,3.65234375,5,7,60.31999588012695
distance,0.693666015625,6.85546875,8.65234375,15,17,53.78999710083008
uniform,0.943416015625,4.35546875,1.15234375,10,12,53.22999954223633
distance,0.443916015625,9.35546875,6.15234375,20,2,53.880001068115234
uniform,0.319041015625,3.10546875,9.90234375,18,5,58.07999801635742
distance,0.818541015625,8.10546875,4.90234375,8,15,53.96000289916992
distance,0.568791015625,0.60546875,7.40234375,13,20,3.68999981880188
distance,0.06929101562500001,5.60546875,2.40234375,3,10,50.54999542236328
uniform,0.100509765625,0.29296875,8.33984375,18,12,1.5399999618530273
distance,0.600009765625,5.29296875,3.33984375,8,2,54.96999740600586
distance,0.849759765625,2.79296875,5.83984375,13,7,55.540000915527344
uniform,0.350259765625,7.79296875,0.83984375,3,17,56.040000915527344
distance,0.475134765625,4.04296875,4.58984375,1,19,59.95999526977539
distance,0.974634765625,9.04296875,9.58984375,11,9,50.61000061035156
distance,0.724884765625,1.54296875,2.08984375,6,4,59.27000045776367
uniform,0.225384765625,6.54296875,7.08984375,16,14,55.089996337890625
uniform,0.162947265625,3.41796875,1.46484375,12,3,55.829994201660156
uniform,0.662447265625,8.41796875,6.46484375,2,13,57.12000274658203
distance,0.912197265625,0.91796875,3.96484375,17,18,54.45000076293945
distance,0.412697265625,5.91796875,8.96484375,7,8,56.779998779296875
uniform,0.287822265625,2.16796875,5.21484375,10,10,61.16999816894531
uniform,0.787322265625,7.16796875,0.21484375,20,20,49.56999969482422
distance,0.537572265625,4.66796875,7.71484375,5,15,58.95999526977539
uniform,0.038072265625000004,9.66796875,2.71484375,15,5,40.97999954223633
distance,0.053681640625,2.32421875,0.99609375,16,18,46.3599967956543
uniform,0.553181640625,7.32421875,5.99609375,6,8,56.38999938964844
uniform,0.802931640625,4.82421875,3.49609375,11,3,53.78000259399414
uniform,0.303431640625,9.82421875,8.49609375,1,13,57.400001525878906
distance,0.428306640625,3.57421875,7.24609375,4,11,59.84000015258789
uniform,0.927806640625,8.57421875,2.24609375,14,1,53.34000015258789
distance,0.678056640625,1.07421875,9.74609375,9,6,6.199999809265137
distance,0.178556640625,6.07421875,4.74609375,19,16,54.709999084472656
distance,0.240994140625,4.19921875,9.12109375,15,10,57.209999084472656
distance,0.740494140625,9.19921875,4.12109375,5,20,55.839996337890625
uniform,0.990244140625,1.69921875,6.62109375,20,15,54.93000030517578
distance,0.490744140625,6.69921875,1.62109375,10,5,50.900001525878906
distance,0.365869140625,0.44921875,2.87109375,7,2,58.72999954223633
distance,0.865369140625,5.44921875,7.87109375,17,12,51.099998474121094
distance,0.615619140625,2.94921875,0.37109375,2,17,58.31999969482422
distance,0.116119140625,7.94921875,5.37109375,12,7,52.79999923706055
distance,0.084900390625,2.63671875,3.80859375,9,14,54.22999954223633
distance,0.584400390625,7.63671875,8.80859375,19,4,52.0
uniform,0.834150390625,0.13671875,1.30859375,4,9,38.52000045776367
distance,0.334650390625,5.13671875,6.30859375,14,19,57.159996032714844
distance,0.459525390625,1.38671875,7.55859375,12,16,58.16999816894531
uniform,0.959025390625,6.38671875,2.55859375,2,6,54.14999771118164
distance,0.709275390625,3.88671875,5.05859375,17,1,58.18000030517578
distance,0.209775390625,8.88671875,0.05859375,7,11,53.45999526977539
distance,0.147337890625,0.76171875,5.68359375,3,5,48.97999572753906
distance,0.646837890625,5.76171875,0.68359375,13,15,51.720001220703125
distance,0.896587890625,3.26171875,8.18359375,8,20,56.839996337890625
distance,0.397087890625,8.26171875,3.18359375,18,10,51.44000244140625
distance,0.272212890625,4.51171875,1.93359375,20,8,52.679996490478516
uniform,0.771712890625,9.51171875,6.93359375,10,18,53.78999710083008
uniform,0.521962890625,2.01171875,4.43359375,15,13,59.78999710083008
uniform,0.022462890625000002,7.01171875,9.43359375,5,3,45.87999725341797
distance,0.030267578125,0.99609375,4.98046875,13,8,35.529998779296875
uniform,0.529767578125,5.99609375,9.98046875,3,18,58.8599967956543
distance,0.779517578125,3.49609375,2.48046875,18,13,52.82999801635742
distance,0.280017578125,8.49609375,7.48046875,8,3,53.369998931884766
distance,0.404892578125,4.74609375,8.73046875,10,1,59.09999465942383
distance,0.904392578125,9.74609375,3.73046875,20,11,47.14999771118164
distance,0.654642578125,2.24609375,6.23046875,5,16,59.14999771118164
uniform,0.155142578125,7.24609375,1.23046875,15,6,50.400001525878906
distance,0.217580078125,2.87109375,5.60546875,19,19,59.88999557495117
uniform,0.717080078125,7.87109375,0.60546875,9,9,51.11000061035156
distance,0.966830078125,0.37109375,8.10546875,14,4,8.800000190734863
uniform,0.467330078125,5.37109375,3.10546875,4,14,57.87999725341797
distance,0.342455078125,1.62109375,1.85546875,2,12,62.18000030517578
distance,0.841955078125,6.62109375,6.85546875,12,2,53.119998931884766
distance,0.592205078125,4.12109375,4.35546875,7,7,56.459999084472656
uniform,0.092705078125,9.12109375,9.35546875,17,17,53.65999984741211
distance,0.123923828125,3.80859375,0.29296875,5,4,54.45000076293945
uniform,0.623423828125,8.80859375,5.29296875,15,14,52.679996490478516
uniform,0.873173828125,1.30859375,2.79296875,10,19,58.21999740600586
distance,0.373673828125,6.30859375,7.79296875,20,9,53.96999740600586
uniform,0.498548828125,0.05859375,6.54296875,17,6,1.399999976158142
uniform,0.998048828125,5.05859375,1.54296875,7,16,53.96999740600586
distance,0.748298828125,2.55859375,9.04296875,12,11,57.01000213623047
distance,0.248798828125,7.55859375,4.04296875,2,1,53.42000198364258
distance,0.186361328125,1.93359375,9.66796875,6,15,56.41999816894531
uniform,0.685861328125,6.93359375,4.66796875,16,5,51.44999694824219
distance,0.935611328125,4.43359375,7.16796875,1,10,54.89999771118164
distance,0.436111328125,9.43359375,2.16796875,11,20,53.67000198364258
distance,0.311236328125,3.18359375,3.41796875,13,17,58.989994049072266
distance,0.810736328125,8.18359375,8.41796875,3,7,55.540000915527344
uniform,0.560986328125,0.68359375,0.91796875,18,2,61.68000030517578
distance,0.061486328125,5.68359375,5.91796875,8,12,54.02000045776367
distance,0.045876953125,3.65234375,7.94921875,2,6,46.63999938964844
uniform,0.545376953125,8.65234375,2.94921875,12,16,53.65999984741211
distance,0.795126953125,1.15234375,5.44921875,7,11,54.47999954223633
distance,0.295626953125,6.15234375,0.44921875,17,1,51.30999755859375
uniform,0.420501953125,2.40234375,4.19921875,19,3,60.57999801635742
distance,0.920001953125,7.40234375,9.19921875,9,13,53.380001068115234
uniform,0.670251953125,4.90234375,1.69921875,14,18,53.29999923706055
distance,0.170751953125,9.90234375,6.69921875,4,8,54.91999816894531
uniform,0.233189453125,0.52734375,2.32421875,8,17,59.47999954223633
uniform,0.732689453125,5.52734375,7.32421875,18,7,50.93000030517578
uniform,0.982439453125,3.02734375,4.82421875,3,2,55.73999786376953
uniform,0.482939453125,8.02734375,9.82421875,13,12,55.089996337890625
uniform,0.358064453125,4.27734375,6.07421875,11,15,58.31999969482422
distance,0.857564453125,9.27734375,1.07421875,1,5,54.130001068115234
distance,0.607814453125,1.77734375,8.57421875,16,10,56.909996032714844
distance,0.108314453125,6.77734375,3.57421875,6,20,55.209999084472656
uniform,0.077095703125,1.46484375,7.01171875,15,2,45.380001068115234
uniform,0.576595703125,6.46484375,2.01171875,5,12,55.769996643066406
uniform,0.826345703125,3.96484375,9.51171875,20,17,54.529998779296875
distance,0.326845703125,8.96484375,4.51171875,10,7,52.739994049072266
distance,0.451720703125,2.71484375,0.76171875,7,9,56.93000030517578
uniform,0.951220703125,7.71484375,5.76171875,17,19,49.81999969482422
distance,0.701470703125,0.21484375,3.26171875,2,14,3.759999990463257
distance,0.201970703125,5.21484375,8.26171875,12,4,55.54999542236328
distance,0.139533203125,4.58984375,2.63671875,16,13,56.150001525878906
distance,0.639033203125,9.58984375,7.63671875,6,3,53.40999984741211
uniform,0.888783203125,2.08984375,0.13671875,11,8,55.44999694824219
uniform,0.389283203125,7.08984375,5.13671875,1,18,58.88999557495117
uniform,0.264408203125,0.83984375,8.88671875,4,20,35.76000213623047
uniform,0.763908203125,5.83984375,3.88671875,14,10,51.58000183105469
distance,0.514158203125,3.33984375,6.38671875,9,5,57.22999572753906
distance,0.014658203125000002,8.33984375,1.38671875,19,15,33.3599967956543
uniform,0.010755859375,1.66015625,9.00390625,10,3,29.020000457763672
distance,0.510255859375,6.66015625,4.00390625,20,13,52.429996490478516
uniform,0.760005859375,4.16015625,6.50390625,5,18,57.61000061035156
distance,0.260505859375,9.16015625,1.50390625,15,8,49.62999725341797
uniform,0.385380859375,2.91015625,2.75390625,13,6,56.83000183105469
uniform,0.884880859375,7.91015625,7.75390625,3,16,55.63999938964844
uniform,0.635130859375,0.41015625,0.25390625,18,11,57.959999084472656
distance,0.135630859375,5.41015625,5.25390625,8,1,56.55999755859375
distance,0.198068359375,4.78515625,0.87890625,1,14,56.63999938964844
distance,0.697568359375,9.78515625,5.87890625,11,4,50.589996337890625
distance,0.947318359375,2.28515625,3.37890625,6,9,57.62999725341797
distance,0.447818359375,7.28515625,8.37890625,16,19,55.459999084472656
distance,0.322943359375,1.03515625,7.12890625,19,17,56.339996337890625
uniform,0.822443359375,6.03515625,2.12890625,9,7,51.220001220703125
distance,0.572693359375,3.53515625,9.62890625,14,2,57.91999816894531
uniform,0.073193359375,8.53515625,4.62890625,4,12,51.939998626708984
uniform,0.104412109375,3.22265625,6.19140625,17,9,56.72999572753906
uniform,0.603912109375,8.22265625,1.19140625,7,19,54.38999938964844
uniform,0.853662109375,0.72265625,8.69140625,12,14,12.65999984741211
distance,0.354162109375,5.72265625,3.69140625,2,4,57.339996337890625
distance,0.479037109375,1.97265625,2.44140625,4,1,61.28999710083008
uniform,0.978537109375,6.97265625,7.44140625,14,11,50.269996643066406
distance,0.728787109375,4.47265625,4.94140625,9,16,56.220001220703125
distance,0.229287109375,9.47265625,9.94140625,19,6,51.23999786376953
uniform,0.166849609375,0.09765625,4.31640625,13,20,1.7400000095367432
distance,0.666349609375,5.09765625,9.31640625,3,10,57.470001220703125
uniform,0.916099609375,2.59765625,1.81640625,18,5,54.619998931884766
uniform,0.416599609375,7.59765625,6.81640625,8,15,56.779998779296875
distance,0.291724609375,3.84765625,8.06640625,6,12,59.70000076293945
uniform,0.791224609375,8.84765625,3.06640625,16,2,54.189998626708984
distance,0.541474609375,1.34765625,5.56640625,1,7,58.3599967956543
distance,0.041974609375,6.34765625,0.56640625,11,17,49.90999984741211
distance,0.057583984375,4.31640625,3.22265625,20,1,49.55999755859375
uniform,0.557083984375,9.31640625,8.22265625,10,11,55.04999923706055
distance,0.806833984375,1.81640625,0.72265625,15,16,57.69000244140625
distance,0.307333984375,6.81640625,5.72265625,5,6,56.089996337890625
distance,0.432208984375,0.56640625,9.47265625,2,8,2.059999942779541
distance,0.931708984375,5.56640625,4.47265625,12,18,52.56999588012695
uniform,0.681958984375,3.06640625,6.97265625,7,13,58.53999710083008
uniform,0.182458984375,8.06640625,1.97265625,17,3,53.749996185302734
distance,0.244896484375,2.44140625,6.34765625,11,12,60.560001373291016
uniform,0.744396484375,7.44140625,1.34765625,1,2,54.119998931884766
uniform,0.994146484375,4.94140625,8.84765625,16,7,50.41999816894531
distance,0.494646484375,9.94140625,3.84765625,6,17,56.04999542236328
distance,0.369771484375,3.69140625,0.09765625,9,20,54.429996490478516
distance,0.869271484375,8.69140625,5.09765625,19,10,47.689998626708984
distance,0.619521484375,1.19140625,2.59765625,4,5,61.179996490478516
uniform,0.120021484375,6.19140625,7.59765625,14,15,56.0
distance,0.088802734375,0.87890625,1.66015625,8,6,49.21999740600586
distance,0.588302734375,5.87890625,6.66015625,18,16,53.81999588012695
distance,0.838052734375,3.37890625,4.16015625,3,11,57.089996337890625
uniform,0.338552734375,8.37890625,9.16015625,13,1,55.720001220703125
uniform,0.463427734375,4.62890625,5.41015625,15,4,56.5
uniform,0.962927734375,9.62890625,0.41015625,5,14,53.27000045776367
distance,0.713177734375,2.12890625,7.91015625,20,19,57.790000915527344
distance,0.213677734375,7.12890625,2.91015625,10,9,53.60000228881836
distance,0.151240234375,2.75390625,8.53515625,4,18,57.790000915527344
distance,0.650740234375,7.75390625,3.53515625,14,8,50.62999725341797
uniform,0.900490234375,0.25390625,6.03515625,9,3,7.789999961853027
uniform,0.400990234375,5.25390625,1.03515625,19,13,51.339996337890625
distance,0.276115234375,1.50390625,4.78515625,17,15,61.48999786376953
distance,0.775615234375,6.50390625,9.78515625,7,5,53.59000015258789
uniform,0.525865234375,4.00390625,2.28515625,12,10,55.0099983215332
uniform,0.026365234375,9.00390625,7.28515625,2,20,44.439998626708984
uniform,0.018560546875,2.98828125,2.05078125,14,11,36.339996337890625
uniform,0.518060546875,7.98828125,7.05078125,4,1,56.63999938964844
distance,0.767810546875,0.48828125,4.55078125,19,6,22.100000381469727
uniform,0.268310546875,5.48828125,9.55078125,9,16,57.790000915527344
uniform,0.393185546875,1.73828125,5.80078125,6,19,61.369998931884766
distance,0.892685546875,6.73828125,0.80078125,16,9,48.15999984741211
uniform,0.642935546875,4.23828125,8.30078125,1,4,57.55999755859375
uniform,0.14343554687500001,9.23828125,3.30078125,11,14,53.09999465942383
distance,0.205873046875,1.11328125,7.67578125,18,2,52.880001068115234
uniform,0.705373046875,6.11328125,2.67578125,8,12,54.429996490478516
distance,0.955123046875,3.61328125,5.17578125,13,17,54.709999084472656
uniform,0.455623046875,8.61328125,0.17578125,3,7,54.459999084472656
uniform,0.330748046875,4.86328125,3.92578125,5,10,57.88999938964844
uniform,0.830248046875,9.86328125,8.92578125,15,20,52.189998626708984
uniform,0.580498046875,2.36328125,1.42578125,10,15,58.2599983215332
uniform,0.08099804687500001,7.36328125,6.42578125,20,5,50.94999694824219
uniform,0.112216796875,2.05078125,2.98828125,1,17,54.90999984741211
distance,0.611716796875,7.05078125,7.98828125,11,7,53.13999557495117
uniform,0.861466796875,4.55078125,0.48828125,6,2,53.67000198364258
distance,0.361966796875,9.55078125,5.48828125,16,12,52.54999923706055
distance,0.486841796875,3.30078125,9.23828125,18,14,57.970001220703125
uniform,0.986341796875,8.30078125,4.23828125,8,4,49.28999710083008
uniform,0.736591796875,0.80078125,6.73828125,13,9,14.209999084472656
distance,0.237091796875,5.80078125,1.73828125,3,19,56.29999542236328
uniform,0.174654296875,3.92578125,7.36328125,10,8,58.15999984741211
uniform,0.674154296875,8.92578125,2.36328125,20,18,50.25
distance,0.923904296875,1.42578125,9.86328125,5,13,23.65999984741211
distance,0.424404296875,6.42578125,4.86328125,15,3,54.07999801635742
distance,0.299529296875,0.17578125,1.11328125,12,5,56.540000915527344
uniform,0.799029296875,5.17578125,6.11328125,2,15,56.73999786376953
distance,0.549279296875,2.67578125,3.61328125,17,20,57.709999084472656
distance,0.049779296875000004,7.67578125,8.61328125,7,10,53.189998626708984
distance,0.034169921875,0.33203125,5.01953125,3,13,23.78999900817871
distance,0.533669921875,5.33203125,0.01953125,13,3,49.91999816894531
distance,0.783419921875,2.83203125,7.51953125,8,8,57.58000183105469
distance,0.283919921875,7.83203125,2.51953125,18,18,52.15999984741211
distance,0.408794921875,4.08203125,1.26953125,16,16,53.9900016784668
uniform,0.908294921875,9.08203125,6.26953125,6,6,52.84000015258789
uniform,0.658544921875,1.58203125,3.76953125,11,1,60.78999710083008
uniform,0.159044921875,6.58203125,8.76953125,1,11,57.029998779296875
uniform,0.221482421875,3.45703125,4.39453125,7,4,57.88999938964844
distance,0.720982421875,8.45703125,9.39453125,17,14,52.13999938964844
uniform,0.970732421875,0.95703125,1.89453125,2,19,49.959999084472656
uniform,0.471232421875,5.95703125,6.89453125,12,9,55.209999084472656
distance,0.346357421875,2.20703125,8.14453125,14,7,59.59000015258789
uniform,0.845857421875,7.20703125,3.14453125,4,17,55.56999969482422
uniform,0.596107421875,4.70703125,5.64453125,19,12,53.85000228881836
distance,0.096607421875,9.70703125,0.64453125,9,2,51.869998931884766
distance,0.065388671875,4.39453125,9.70703125,11,19,54.459999084472656
uniform,0.564888671875,9.39453125,4.70703125,1,9,56.73999786376953
uniform,0.814638671875,1.89453125,7.20703125,16,4,53.499996185302734
distance,0.315138671875,6.89453125,2.20703125,6,14,55.769996643066406
distance,0.440013671875,0.64453125,3.45703125,9,11,60.54999923706055
uniform,0.939513671875,5.64453125,8.45703125,19,1,55.63999938964844
uniform,0.689763671875,3.14453125,0.95703125,4,6,57.269996643066406
uniform,0.190263671875,8.14453125,5.95703125,14,16,54.1099967956543
uniform,0.127826171875,1.26953125,0.33203125,20,10,54.8599967956543
uniform,0.627326171875,6.26953125,5.33203125,10,20,55.80999755859375
uniform,0.877076171875,3.76953125,2.83203125,15,15,53.429996490478516
distance,0.377576171875,8.76953125,7.83203125,5,5,55.529998779296875
distance,0.252701171875,2.51953125,6.58203125,2,3,60.15999984741211
uniform,0.752201171875,7.51953125,1.58203125,12,13,51.220001220703125
uniform,0.502451171875,0.01953125,9.08203125,7,18,1.5299999713897705
uniform,0.0029511718750000002,5.01953125,4.08203125,17,8,29.17999839782715
distance,0.0039267578125,2.509765625,9.541015625,20,10,28.560001373291016
uniform,0.5034267578125,7.509765625,4.541015625,10,20,55.91999816894531
distance,0.7531767578125,0.009765625,7.041015625,15,15,7.130000114440918
uniform,0.2536767578125,5.009765625,2.041015625,5,5,55.029998779296875
distance,0.3785517578125,1.259765625,3.291015625,3,2,61.849998474121094
distance,0.8780517578125,6.259765625,8.291015625,13,12,52.07999801635742
distance,0.6283017578125,3.759765625,0.791015625,8,17,55.68999481201172
uniform,0.1288017578125,8.759765625,5.791015625,18,7,51.040000915527344
distance,0.1912392578125,0.634765625,0.166015625,12,18,59.14999771118164
distance,0.6907392578125,5.634765625,5.166015625,2,8,57.029998779296875
distance,0.9404892578125,3.134765625,2.666015625,17,3,54.709999084472656
uniform,0.4409892578125,8.134765625,7.666015625,7,13,56.73999786376953
uniform,0.3161142578125,4.384765625,6.416015625,9,11,58.2599983215332
uniform,0.8156142578125,9.384765625,1.416015625,19,1,53.04999923706055
uniform,0.5658642578125,1.884765625,8.916015625,4,6,56.339996337890625
uniform,0.06636425781250001,6.884765625,3.916015625,14,16,52.6099967956543
distance,0.0975830078125,2.197265625,5.478515625,7,5,54.07999801635742
uniform,0.5970830078125,7.197265625,0.478515625,17,15,49.97999954223633
uniform,0.8468330078125,4.697265625,7.978515625,2,20,55.790000915527344
uniform,0.3473330078125,9.697265625,2.978515625,12,10,52.22999954223633
distance,0.4722080078125,3.447265625,1.728515625,15,8,53.71999740600586
uniform,0.9717080078125,8.447265625,6.728515625,5,18,54.63999938964844
uniform,0.7219580078125,0.947265625,4.228515625,20,13,57.06999969482422
uniform,0.2224580078125,5.947265625,9.228515625,10,3,55.73999786376953
uniform,0.1600205078125,4.072265625,4.853515625,3,14,58.15999984741211
distance,0.6595205078125,9.072265625,9.853515625,13,4,51.040000915527344
distance,0.9092705078125,1.572265625,2.353515625,8,9,57.900001525878906
distance,0.4097705078125,6.572265625,7.353515625,18,19,55.48999786376953
uniform,0.2848955078125,0.322265625,8.603515625,16,17,2.190000057220459
distance,0.7843955078125,5.322265625,3.603515625,6,7,55.06999969482422
distance,0.5346455078125,2.822265625,6.103515625,11,2,58.70000076293945
distance,0.035145507812500004,7.822265625,1.103515625,1,12,43.849998474121094
uniform,0.0507548828125,0.166015625,2.509765625,9,7,30.149999618530273
distance,0.5502548828125,5.166015625,7.509765625,19,17,54.959999084472656
distance,0.8000048828125,2.666015625,0.009765625,4,12,57.38999938964844
uniform,0.3005048828125,7.666015625,5.009765625,14,2,55.589996337890625
uniform,0.4253798828125,3.916015625,8.759765625,12,4,57.62000274658203
distance,0.9248798828125,8.916015625,3.759765625,2,14,54.80999755859375
distance,0.6751298828125,1.416015625,6.259765625,17,19,58.189998626708984
distance,0.1756298828125,6.416015625,1.259765625,7,9,54.3599967956543
uniform,0.2380673828125,3.291015625,6.884765625,1,16,60.439998626708984
uniform,0.7375673828125,8.291015625,1.884765625,11,6,49.369998931884766
uniform,0.9873173828125,0.791015625,9.384765625,6,1,12.780000686645508
uniform,0.4878173828125,5.791015625,4.384765625,16,11,53.84000015258789
distance,0.3629423828125,2.041015625,0.634765625,18,13,56.659996032714844
uniform,0.8624423828125,7.041015625,5.634765625,8,3,51.69999694824219
uniform,0.6126923828125,4.541015625,3.134765625,13,8,53.189998626708984
uniform,0.1131923828125,9.541015625,8.134765625,3,18,55.56999969482422
distance,0.0819736328125,4.853515625,2.197265625,18,2,51.689998626708984
uniform,0.5814736328125,9.853515625,7.197265625,8,12,55.91999816894531
distance,0.8312236328125,2.353515625,4.697265625,13,17,57.62000274658203
uniform,0.3317236328125,7.353515625,9.697265625,3,7,57.69999694824219
uniform,0.4565986328125,1.103515625,5.947265625,5,10,58.2599983215332
uniform,0.9560986328125,6.103515625,0.947265625,15,20,50.659996032714844
uniform,0.7063486328125,3.603515625,8.447265625,10,15,57.79999923706055
distance,0.2068486328125,8.603515625,3.447265625,20,5,50.73999786376953
uniform,0.1444111328125,1.728515625,7.822265625,14,11,55.31999969482422
uniform,0.6439111328125,6.728515625,2.822265625,4,1,55.39999771118164
distance,0.8936611328125,4.228515625,5.322265625,19,6,50.54999542236328
distance,0.3941611328125,9.228515625,0.322265625,9,16,52.63999557495117
distance,0.2692861328125,2.978515625,4.072265625,6,19,60.46999740600586
distance,0.7687861328125,7.978515625,9.072265625,16,9,50.47999572753906
uniform,0.5190361328125,0.478515625,1.572265625,1,4,60.709999084472656
uniform,0.019536132812500002,5.478515625,6.572265625,11,14,42.37999725341797
distance,0.0273408203125,1.494140625,1.494140625,4,17,39.34000015258789
uniform,0.5268408203125,6.494140625,6.494140625,14,7,53.57999801635742
uniform,0.7765908203125,3.994140625,3.994140625,9,2,56.55999755859375
distance,0.2770908203125,8.994140625,8.994140625,19,12,52.72999954223633
uniform,0.4019658203125,2.744140625,5.244140625,16,15,59.619998931884766
distance,0.9014658203125,7.744140625,0.244140625,6,5,50.87000274658203
uniform,0.6517158203125,0.244140625,7.744140625,11,10,2.8999998569488525
uniform,0.1522158203125,5.244140625,2.744140625,1,20,56.079994201660156
distance,0.2146533203125,4.619140625,8.369140625,8,6,57.529998779296875
distance,0.7141533203125,9.619140625,3.369140625,18,16,50.48999786376953
uniform,0.9639033203125,2.119140625,5.869140625,3,11,54.20000076293945
uniform,0.4644033203125,7.119140625,0.869140625,13,1,52.09000015258789
uniform,0.3395283203125,0.869140625,4.619140625,15,3,59.15999984741211
uniform,0.8390283203125,5.869140625,9.619140625,5,13,55.970001220703125
distance,0.5892783203125,3.369140625,2.119140625,20,18,54.439998626708984
distance,0.0897783203125,8.369140625,7.119140625,10,8,53.64999771118164
uniform,0.1209970703125,3.681640625,3.681640625,11,13,57.869998931884766
uniform,0.6204970703125,8.681640625,8.681640625,1,3,56.5
distance,0.8702470703125,1.181640625,1.181640625,16,8,57.480003356933594
uniform,0.3707470703125,6.181640625,6.181640625,6,18,58.119998931884766
distance,0.4956220703125,2.431640625,9.931640625,8,20,58.77999496459961
distance,0.9951220703125,7.431640625,4.931640625,18,10,47.46999740600586
distance,0.7453720703125,4.931640625,7.431640625,3,5,56.69999694824219
