weight,shrinkage_alpha_0,shrinkage_alpha_1,knn_k,kmeans_k,last_task_accuracy
uniform,0.793428612351258,1.636279946029836,3,14,85.5999984741211
uniform,0.0,0.0,1,1,76.94000244140625
uniform,5.0,5.0,11,11,86.42999267578125
distance,7.5,2.5,5,5,86.49999237060547
uniform,2.5,7.5,15,15,86.15999603271484
distance,3.75,3.75,13,18,86.48999786376953
uniform,8.75,8.75,3,8,86.56999969482422
distance,6.25,1.25,18,13,86.29999542236328
uniform,1.25,6.25,8,3,85.43999481201172
uniform,1.875,3.125,19,9,84.31999969482422
distance,6.875,8.125,9,19,86.58999633789062
uniform,9.375,0.625,14,4,86.4699935913086
uniform,4.375,5.625,4,14,86.64999389648438
uniform,3.125,1.875,7,12,86.40999603271484
distance,8.125,6.875,17,2,86.37999725341797
uniform,5.625,4.375,2,17,86.66999816894531
distance,0.625,9.375,12,7,84.37000274658203
uniform,0.9375,4.6875,10,14,85.6199951171875
distance,5.9375,9.6875,20,4,86.25999450683594
distance,8.4375,2.1875,5,19,86.55999755859375
distance,3.4375,7.1875,15,9,86.02999877929688
uniform,4.6875,0.9375,17,6,85.56999206542969
distance,9.6875,5.9375,7,16,86.50999450683594
distance,7.1875,3.4375,12,1,86.78999328613281
uniform,2.1875,8.4375,2,11,86.3499984741211
distance,1.5625,1.5625,11,17,86.00999450683594
distance,6.5625,6.5625,1,7,86.70999908447266
uniform,9.0625,4.0625,16,12,86.30999755859375
uniform,4.0625,9.0625,6,2,86.65999603271484
uniform,2.8125,2.8125,4,5,86.42999267578125
distance,7.8125,7.8125,14,15,86.38999938964844
uniform,5.3125,0.3125,9,10,86.49999237060547
uniform,0.3125,5.3125,19,20,84.02999877929688
distance,0.46875,2.65625,15,11,84.11000061035156
uniform,5.46875,7.65625,5,1,86.81999969482422
distance,7.96875,0.15625,20,16,86.35999298095703
uniform,2.96875,5.15625,10,6,86.35999298095703
distance,4.21875,1.40625,2,9,86.83999633789062
distance,9.21875,6.40625,12,19,86.56999969482422
distance,6.71875,3.90625,7,4,86.06999206542969
uniform,1.71875,8.90625,17,14,85.79999542236328
uniform,2.34375,0.78125,6,20,86.53999328613281
uniform,7.34375,5.78125,16,10,86.0999984741211
distance,9.84375,3.28125,1,15,86.4699935913086
distance,4.84375,8.28125,11,5,85.89999389648438
uniform,3.59375,4.53125,18,3,86.47999572753906
distance,8.59375,9.53125,8,13,86.47999572753906
distance,6.09375,2.03125,13,8,86.24999237060547
uniform,1.09375,7.03125,3,18,85.8499984741211
uniform,0.78125,2.34375,16,3,85.42999267578125
uniform,5.78125,7.34375,6,13,86.78999328613281
uniform,8.28125,4.84375,11,8,86.30999755859375
uniform,3.28125,9.84375,1,18,86.55999755859375
uniform,4.53125,3.59375,9,16,86.4699935913086
distance,9.53125,8.59375,19,6,85.3699951171875
uniform,7.03125,1.09375,4,11,86.77999877929688
uniform,2.03125,6.09375,14,1,86.37999725341797
distance,1.40625,4.21875,5,7,85.8699951171875
distance,6.40625,9.21875,15,17,86.44999694824219
distance,8.90625,1.71875,10,2,86.32999420166016
distance,3.90625,6.71875,20,12,86.10999298095703
distance,2.65625,0.46875,13,15,86.28999328613281
uniform,7.65625,5.46875,3,5,86.48999786376953
distance,5.15625,2.96875,18,20,86.33999633789062
distance,0.15625,7.96875,8,10,83.87000274658203
uniform,0.234375,3.984375,17,17,83.80999755859375
uniform,5.234375,8.984375,7,7,86.60999298095703
distance,7.734375,1.484375,12,12,86.43999481201172
uniform,2.734375,6.484375,2,2,86.57999420166016
distance,3.984375,0.234375,9,5,85.6199951171875
distance,8.984375,5.234375,19,15,86.18999481201172
distance,6.484375,2.734375,4,10,86.70999908447266
uniform,1.484375,7.734375,14,20,86.0199966430664
distance,2.109375,2.109375,3,13,86.39999389648438
distance,7.109375,7.109375,13,3,86.40999603271484
uniform,9.609375,4.609375,8,18,86.54999542236328
distance,4.609375,9.609375,18,8,85.74999237060547
distance,3.359375,3.359375,11,6,85.22999572753906
distance,8.359375,8.359375,1,16,86.56999969482422
distance,5.859375,0.859375,16,1,86.82999420166016
distance,0.859375,5.859375,6,11,85.54999542236328
uniform,1.171875,1.171875,14,10,85.23999786376953
uniform,6.171875,6.171875,4,20,86.63999938964844
distance,8.671875,3.671875,19,5,85.5999984741211
distance,3.671875,8.671875,9,15,86.58999633789062
distance,4.921875,4.921875,1,13,86.56999969482422
distance,9.921875,9.921875,11,3,86.18999481201172
distance,7.421875,2.421875,6,18,86.54999542236328
distance,2.421875,7.421875,16,8,85.42999267578125
uniform,1.796875,3.046875,8,2,86.07999420166016
distance,6.796875,8.046875,18,12,86.27999877929688
uniform,9.296875,0.546875,3,7,86.28999328613281
uniform,4.296875,5.546875,13,17,86.49999237060547
uniform,3.046875,1.796875,20,19,86.18999481201172
uniform,8.046875,6.796875,10,9,86.4699935913086
uniform,5.546875,4.296875,15,14,86.47999572753906
uniform,0.546875,9.296875,5,4,84.5999984741211
distance,0.390625,1.328125,8,8,84.6500015258789
uniform,5.390625,6.328125,18,18,86.50999450683594
distance,7.890625,3.828125,3,3,86.38999938964844
distance,2.890625,8.828125,13,13,86.14999389648438
uniform,4.140625,2.578125,16,15,86.4699935913086
distance,9.140625,7.578125,6,5,86.44999694824219
uniform,6.640625,0.078125,11,20,86.53999328613281
distance,1.640625,5.078125,1,10,86.41999816894531
uniform,2.265625,4.453125,12,4,86.1199951171875
uniform,7.265625,9.453125,2,14,86.5999984741211
distance,9.765625,1.953125,17,9,85.37999725341797
distance,4.765625,6.953125,7,19,86.66999816894531
uniform,3.515625,0.703125,5,16,86.65999603271484
distance,8.515625,5.703125,15,6,85.60999298095703
distance,6.015625,3.203125,10,11,86.55999755859375
distance,1.015625,8.203125,20,1,85.69999694824219
uniform,0.703125,3.515625,3,19,85.49999237060547
uniform,5.703125,8.515625,13,9,86.19999694824219
uniform,8.203125,1.015625,8,14,86.55999755859375
uniform,3.203125,6.015625,18,4,86.45999908447266
uniform,4.453125,2.265625,15,2,86.60999298095703
distance,9.453125,7.265625,5,12,86.35999298095703
uniform,6.953125,4.765625,20,7,84.69999694824219
distance,1.953125,9.765625,10,17,86.3499984741211
uniform,1.328125,0.390625,19,11,84.65999603271484
distance,6.328125,5.390625,9,1,86.80999755859375
distance,8.828125,2.890625,14,16,86.27999877929688
distance,3.828125,7.890625,4,6,86.60999298095703
distance,2.578125,4.140625,7,8,86.39999389648438
uniform,7.578125,9.140625,17,18,86.27999877929688
distance,5.078125,1.640625,2,3,86.48999786376953
uniform,0.078125,6.640625,12,13,83.12999725341797
uniform,0.1171875,3.3203125,6,4,82.94999694824219
uniform,5.1171875,8.3203125,16,14,86.56999969482422
uniform,7.6171875,0.8203125,1,9,86.83999633789062
uniform,2.6171875,5.8203125,11,19,86.44999694824219
distance,3.8671875,2.0703125,19,17,86.30999755859375
distance,8.8671875,7.0703125,9,7,86.56999969482422
distance,6.3671875,4.5703125,14,12,86.43999481201172
uniform,1.3671875,9.5703125,4,2,85.53999328613281
uniform,1.9921875,0.1953125,15,6,85.13999938964844
uniform,6.9921875,5.1953125,5,16,86.67999267578125
uniform,9.4921875,2.6953125,20,1,86.7199935913086
distance,4.4921875,7.6953125,10,11,86.52999877929688
distance,3.2421875,3.9453125,3,13,86.66999816894531
uniform,8.2421875,8.9453125,13,3,85.79999542236328
uniform,5.7421875,1.4453125,8,18,86.82999420166016
distance,0.7421875,6.4453125,18,8,83.93000030517578
uniform,1.0546875,1.7578125,4,12,85.8699951171875
uniform,6.0546875,6.7578125,14,2,86.50999450683594
uniform,8.5546875,4.2578125,9,17,86.57999420166016
distance,3.5546875,9.2578125,19,7,85.37999725341797
distance,4.8046875,3.0078125,12,10,86.52999877929688
uniform,9.8046875,8.0078125,2,20,86.24999237060547
distance,7.3046875,0.5078125,17,5,85.67999267578125
uniform,2.3046875,5.5078125,7,15,86.43999481201172
distance,1.6796875,4.8828125,16,19,86.07999420166016
uniform,6.6796875,9.8828125,6,9,86.69999694824219
distance,9.1796875,2.3828125,11,14,86.3699951171875
uniform,4.1796875,7.3828125,1,4,86.5999984741211
distance,2.9296875,1.1328125,8,1,86.68999481201172
distance,7.9296875,6.1328125,18,11,85.94999694824219
distance,5.4296875,3.6328125,3,6,86.49999237060547
distance,0.4296875,8.6328125,13,16,84.54000091552734
uniform,0.5859375,0.6640625,20,15,84.12000274658203
distance,5.5859375,5.6640625,10,5,85.72999572753906
uniform,8.0859375,3.1640625,15,20,86.2199935913086
uniform,3.0859375,8.1640625,5,10,86.49999237060547
distance,4.3359375,4.4140625,8,8,86.52999877929688
uniform,9.3359375,9.4140625,18,18,86.30999755859375
distance,6.8359375,1.9140625,3,3,86.41999816894531
uniform,1.8359375,6.9140625,13,13,85.89999389648438
distance,2.4609375,2.5390625,2,17,86.54999542236328
uniform,7.4609375,7.5390625,12,7,86.2199935913086
distance,9.9609375,0.0390625,7,12,86.2699966430664
uniform,4.9609375,5.0390625,17,2,86.57999420166016
distance,3.7109375,1.2890625,14,4,86.14999389648438
uniform,8.7109375,6.2890625,4,14,86.44999694824219
distance,6.2109375,3.7890625,19,9,85.65999603271484
distance,1.2109375,8.7890625,9,19,85.8899917602539
uniform,0.8984375,4.1015625,11,2,85.41999816894531
uniform,5.8984375,9.1015625,1,12,86.63999938964844
distance,8.3984375,1.6015625,16,7,85.31999206542969
uniform,3.3984375,6.6015625,6,17,86.75
distance,4.6484375,0.3515625,4,20,86.69999694824219
distance,9.6484375,5.3515625,14,10,86.2199935913086
distance,7.1484375,2.8515625,9,15,86.60999298095703
uniform,2.1484375,7.8515625,19,5,86.24999237060547
distance,1.5234375,2.2265625,10,8,85.90999603271484
uniform,6.5234375,7.2265625,20,18,86.25999450683594
distance,9.0234375,4.7265625,5,3,86.08999633789062
distance,4.0234375,9.7265625,15,13,86.38999938964844
uniform,2.7734375,3.4765625,17,11,85.89999389648438
uniform,7.7734375,8.4765625,7,1,86.54999542236328
distance,5.2734375,0.9765625,12,16,86.63999938964844
uniform,0.2734375,5.9765625,2,6,84.94999694824219
uniform,0.1953125,1.9921875,12,19,84.1500015258789
uniform,5.1953125,6.9921875,2,9,86.83999633789062
uniform,7.6953125,4.4921875,17,14,86.32999420166016
uniform,2.6953125,9.4921875,7,4,85.74999237060547
uniform,3.9453125,3.2421875,5,1,86.73999786376953
distance,8.9453125,8.2421875,15,11,86.20999908447266
uniform,6.4453125,0.7421875,10,6,86.4699935913086
distance,1.4453125,5.7421875,20,16,85.68999481201172
uniform,2.0703125,3.8671875,9,12,86.17999267578125
distance,7.0703125,8.8671875,19,2,86.39999389648438
uniform,9.5703125,1.3671875,4,17,86.60999298095703
distance,4.5703125,6.3671875,14,7,85.47999572753906
distance,3.3203125,0.1171875,16,10,86.16999816894531
uniform,8.3203125,5.1171875,6,20,86.7199935913086
distance,5.8203125,2.6171875,11,5,85.85999298095703
distance,0.8203125,7.6171875,1,15,85.82999420166016
uniform,1.1328125,2.9296875,18,7,83.97000122070312
uniform,6.1328125,7.9296875,8,17,86.6199951171875
distance,8.6328125,0.4296875,13,2,86.35999298095703
uniform,3.6328125,5.4296875,3,12,86.58999633789062
uniform,4.8828125,1.6796875,6,14,86.69999694824219
uniform,9.8828125,6.6796875,16,4,86.44999694824219
distance,7.3828125,4.1796875,1,19,86.44999694824219
uniform,2.3828125,9.1796875,11,9,86.17999267578125
distance,1.7578125,1.0546875,2,5,86.3499984741211
uniform,6.7578125,6.0546875,12,15,86.40999603271484
uniform,9.2578125,3.5546875,7,10,86.25999450683594
uniform,4.2578125,8.5546875,17,20,86.3499984741211
uniform,3.0078125,4.8046875,14,18,86.44999694824219
uniform,8.0078125,9.8046875,4,8,86.68999481201172
uniform,5.5078125,2.3046875,19,13,86.07999420166016
uniform,0.5078125,7.3046875,9,3,84.56999969482422
uniform,0.3515625,4.6484375,4,9,84.98999786376953
distance,5.3515625,9.6484375,14,19,86.58999633789062
distance,7.8515625,2.1484375,9,4,85.98999786376953
distance,2.8515625,7.1484375,19,14,86.23999786376953
distance,4.1015625,0.8984375,12,11,86.52999877929688
distance,9.1015625,5.8984375,2,1,86.72999572753906
distance,6.6015625,3.3984375,17,16,86.41999816894531
uniform,1.6015625,8.3984375,7,6,85.77999877929688
distance,2.2265625,1.5234375,18,3,86.31999206542969
uniform,7.2265625,6.5234375,8,13,86.49999237060547
distance,9.7265625,4.0234375,13,8,86.10999298095703
uniform,4.7265625,9.0234375,3,18,86.70999908447266
uniform,3.4765625,2.7734375,10,20,86.56999969482422
uniform,8.4765625,7.7734375,20,10,84.30999755859375
uniform,5.9765625,0.2734375,5,15,86.53999328613281
uniform,0.9765625,5.2734375,15,5,84.89999389648438
uniform,0.6640625,0.5859375,7,16,85.25
distance,5.6640625,5.5859375,17,6,85.39999389648438
distance,8.1640625,3.0859375,2,11,86.65999603271484
distance,3.1640625,8.0859375,12,1,86.70999908447266
distance,4.4140625,4.3359375,20,3,86.52999877929688
distance,9.4140625,9.3359375,10,13,86.48999786376953
uniform,6.9140625,1.8359375,15,8,85.11000061035156
uniform,1.9140625,6.8359375,5,18,86.3699951171875
distance,1.2890625,3.7109375,13,14,85.69999694824219
distance,6.2890625,8.7109375,3,4,86.42999267578125
uniform,8.7890625,1.2109375,18,19,86.45999908447266
uniform,3.7890625,6.2109375,8,9,86.68999481201172
distance,2.5390625,2.4609375,1,7,86.62999725341797
uniform,7.5390625,7.4609375,11,17,86.49999237060547
distance,5.0390625,4.9609375,6,2,86.43999481201172
uniform,0.0390625,9.9609375,16,12,82.04000091552734
uniform,0.05859375,4.98046875,14,6,81.45999908447266
uniform,5.05859375,9.98046875,4,16,86.83999633789062
distance,7.55859375,2.48046875,19,1,86.7699966430664
distance,2.55859375,7.48046875,9,11,86.2199935913086
distance,3.80859375,1.23046875,2,14,86.4699935913086
uniform,8.80859375,6.23046875,12,4,86.3499984741211
uniform,6.30859375,3.73046875,7,19,86.7199935913086
distance,1.30859375,8.73046875,17,9,84.27999877929688
distance,1.93359375,1.85546875,8,5,86.06999206542969
uniform,6.93359375,6.85546875,18,15,86.37999725341797
distance,9.43359375,4.35546875,3,10,86.53999328613281
distance,4.43359375,9.35546875,13,20,86.49999237060547
distance,3.18359375,3.10546875,20,18,86.27999877929688
uniform,8.18359375,8.10546875,10,8,86.49999237060547
distance,5.68359375,0.60546875,15,13,86.39999389648438
uniform,0.68359375,5.60546875,5,3,84.08000183105469
distance,0.99609375,0.29296875,17,18,85.35999298095703
distance,5.99609375,5.29296875,7,8,86.53999328613281
distance,8.49609375,2.79296875,12,13,86.47999572753906
uniform,3.49609375,7.79296875,2,3,86.4699935913086
uniform,4.74609375,4.04296875,10,1,86.80999755859375
uniform,9.74609375,9.04296875,20,11,85.58999633789062
distance,7.24609375,1.54296875,5,6,86.45999908447266
distance,2.24609375,6.54296875,15,16,86.18999481201172
distance,1.62109375,3.41796875,3,12,86.23999786376953
distance,6.62109375,8.41796875,13,2,86.47999572753906
distance,9.12109375,0.91796875,8,17,86.52999877929688
distance,4.12109375,5.91796875,18,7,85.3699951171875
uniform,2.87109375,2.16796875,11,10,86.32999420166016
uniform,7.87109375,7.16796875,1,20,86.38999938964844
distance,5.37109375,4.66796875,16,5,85.68999481201172
uniform,0.37109375,9.66796875,6,15,84.95999908447266
distance,0.52734375,2.32421875,2,16,85.7199935913086
uniform,5.52734375,7.32421875,12,6,85.4699935913086
distance,8.02734375,4.82421875,7,11,86.56999969482422
distance,3.02734375,9.82421875,17,1,86.7199935913086
distance,4.27734375,3.57421875,15,4,86.15999603271484
distance,9.27734375,8.57421875,5,14,86.41999816894531
uniform,6.77734375,1.07421875,20,9,85.00999450683594
distance,1.77734375,6.07421875,10,19,86.31999206542969
uniform,2.40234375,4.19921875,19,15,85.91999816894531
uniform,7.40234375,9.19921875,9,5,85.6399917602539
uniform,9.90234375,1.69921875,14,20,86.4699935913086
uniform,4.90234375,6.69921875,4,10,86.70999908447266
distance,3.65234375,0.44921875,6,7,86.57999420166016
distance,8.65234375,5.44921875,16,17,86.38999938964844
distance,6.15234375,2.94921875,1,2,86.53999328613281
uniform,1.15234375,7.94921875,11,12,85.43999481201172
distance,0.83984375,2.63671875,8,9,85.3499984741211
distance,5.83984375,7.63671875,18,19,86.44999694824219
distance,8.33984375,0.13671875,3,4,86.44999694824219
distance,3.33984375,5.13671875,13,14,86.50999450683594
distance,4.58984375,1.38671875,16,12,86.33999633789062
distance,9.58984375,6.38671875,6,2,86.25999450683594
distance,7.08984375,3.88671875,11,17,86.52999877929688
distance,2.08984375,8.88671875,1,7,86.47999572753906
uniform,1.46484375,0.76171875,12,3,85.9699935913086
distance,6.46484375,5.76171875,2,13,86.56999969482422
distance,8.96484375,3.26171875,17,8,85.7699966430664
uniform,3.96484375,8.26171875,7,18,86.65999603271484
distance,2.71484375,4.51171875,4,20,86.6199951171875
distance,7.71484375,9.51171875,14,10,86.23999786376953
uniform,5.21484375,2.01171875,9,15,86.53999328613281
distance,0.21484375,7.01171875,19,5,82.91999816894531
distance,0.29296875,0.99609375,10,13,84.41999816894531
distance,5.29296875,5.99609375,20,3,86.44999694824219
distance,7.79296875,3.49609375,5,18,86.62999725341797
uniform,2.79296875,8.49609375,15,8,85.00999450683594
uniform,4.04296875,4.74609375,18,10,86.05999755859375
distance,9.04296875,9.74609375,8,20,85.94999694824219
distance,6.54296875,2.24609375,13,5,85.75999450683594
distance,1.54296875,7.24609375,3,15,86.10999298095703
distance,2.16796875,2.87109375,12,19,86.38999938964844
uniform,7.16796875,7.87109375,2,9,86.70999908447266
uniform,9.66796875,0.37109375,17,14,86.28999328613281
uniform,4.66796875,5.37109375,7,4,86.03999328613281
distance,3.41796875,1.62109375,4,2,86.30999755859375
distance,8.41796875,6.62109375,14,12,86.42999267578125
uniform,5.91796875,4.12109375,9,7,86.54999542236328
distance,0.91796875,9.12109375,19,17,85.17999267578125
uniform,1.23046875,3.80859375,1,5,85.95999908447266
uniform,6.23046875,8.80859375,11,15,86.39999389648438
uniform,8.73046875,1.30859375,6,10,86.54999542236328
distance,3.73046875,6.30859375,16,20,86.44999694824219
distance,4.98046875,0.05859375,14,17,86.53999328613281
uniform,9.98046875,5.05859375,4,7,86.44999694824219
uniform,7.48046875,2.55859375,19,12,86.03999328613281
distance,2.48046875,7.55859375,9,2,86.32999420166016
distance,1.85546875,1.93359375,20,6,84.97999572753906
distance,6.85546875,6.93359375,10,16,86.56999969482422
distance,9.35546875,4.43359375,15,1,86.73999786376953
distance,4.35546875,9.43359375,5,11,86.5999984741211
distance,3.10546875,3.18359375,7,13,86.4699935913086
uniform,8.10546875,8.18359375,17,3,86.40999603271484
distance,5.60546875,0.68359375,2,18,86.58999633789062
uniform,0.60546875,5.68359375,12,8,84.47999572753906
distance,0.44921875,3.65234375,16,2,84.47000122070312
uniform,5.44921875,8.65234375,6,12,86.69999694824219
uniform,7.94921875,1.15234375,11,7,86.18999481201172
uniform,2.94921875,6.15234375,1,17,86.5999984741211
uniform,4.19921875,2.40234375,9,19,86.68999481201172
distance,9.19921875,7.40234375,19,9,85.70999145507812
uniform,6.69921875,4.90234375,4,14,86.54999542236328
distance,1.69921875,9.90234375,14,4,85.5999984741211
uniform,2.32421875,0.52734375,5,8,86.3499984741211
uniform,7.32421875,5.52734375,15,18,86.30999755859375
distance,9.82421875,3.02734375,10,3,86.20999908447266
uniform,4.82421875,8.02734375,20,13,86.06999206542969
distance,3.57421875,4.27734375,13,11,86.39999389648438
distance,8.57421875,9.27734375,3,1,86.53999328613281
distance,6.07421875,1.77734375,18,16,86.50999450683594
distance,1.07421875,6.77734375,8,6,85.44999694824219
distance,0.76171875,1.46484375,15,15,85.0199966430664
uniform,5.76171875,6.46484375,5,5,86.54999542236328
uniform,8.26171875,3.96484375,20,20,86.23999786376953
distance,3.26171875,8.96484375,10,10,86.55999755859375
distance,4.51171875,2.71484375,2,7,86.67999267578125
distance,9.51171875,7.71484375,12,17,86.43999481201172
distance,7.01171875,0.21484375,7,2,86.39999389648438
uniform,2.01171875,5.21484375,17,12,85.75999450683594
uniform,1.38671875,4.58984375,6,16,86.22999572753906
uniform,6.38671875,9.58984375,16,6,85.37999725341797
uniform,8.88671875,2.08984375,1,11,86.64999389648438
uniform,3.88671875,7.08984375,11,1,86.75999450683594
uniform,2.63671875,0.83984375,18,4,86.35999298095703
distance,7.63671875,5.83984375,8,14,86.55999755859375
distance,5.13671875,3.33984375,13,9,86.2699966430664
distance,0.13671875,8.33984375,3,19,84.36000061035156
distance,0.09765625,1.66015625,19,10,81.20999908447266
distance,5.09765625,6.66015625,9,20,86.80999755859375
distance,7.59765625,4.16015625,14,5,85.58999633789062
distance,2.59765625,9.16015625,4,15,86.48999786376953
uniform,3.84765625,2.91015625,6,13,86.64999389648438
distance,8.84765625,7.91015625,16,3,86.39999389648438
uniform,6.34765625,0.41015625,1,18,86.54999542236328
uniform,1.34765625,5.41015625,11,8,85.39999389648438
uniform,1.97265625,4.78515625,2,1,86.30999755859375
distance,6.97265625,9.78515625,12,11,86.54999542236328
uniform,9.47265625,2.28515625,7,6,86.35999298095703
distance,4.47265625,7.28515625,17,16,86.41999816894531
distance,3.22265625,1.03515625,15,19,86.31999206542969
uniform,8.22265625,6.03515625,5,9,86.75999450683594
distance,5.72265625,3.53515625,20,14,86.38999938964844
uniform,0.72265625,8.53515625,10,4,84.27999877929688
uniform,1.03515625,3.22265625,13,17,85.48999786376953
distance,6.03515625,8.22265625,3,7,86.50999450683594
uniform,8.53515625,0.72265625,18,12,86.19999694824219
distance,3.53515625,5.72265625,8,2,86.50999450683594
uniform,4.78515625,1.97265625,5,4,86.57999420166016
distance,9.78515625,6.97265625,15,14,86.33999633789062
uniform,7.28515625,4.47265625,10,9,86.53999328613281
uniform,2.28515625,9.47265625,20,19,86.05999755859375
distance,1.66015625,0.09765625,9,13,86.05999755859375
uniform,6.66015625,5.09765625,19,3,86.45999908447266
uniform,9.16015625,2.59765625,4,18,86.60999298095703
uniform,4.16015625,7.59765625,14,8,86.3499984741211
distance,2.91015625,3.84765625,17,6,85.54999542236328
distance,7.91015625,8.84765625,7,16,86.54999542236328
uniform,5.41015625,1.34765625,12,1,86.79999542236328
distance,0.41015625,6.34765625,2,11,85.2199935913086
distance,0.56640625,4.31640625,7,20,85.2199935913086
uniform,5.56640625,9.31640625,17,10,85.66999816894531
uniform,8.06640625,1.81640625,2,15,86.55999755859375
uniform,3.06640625,6.81640625,12,5,85.7199935913086
uniform,4.31640625,0.56640625,19,2,86.5999984741211
uniform,9.31640625,5.56640625,9,12,86.35999298095703
distance,6.81640625,3.06640625,14,7,85.47999572753906
uniform,1.81640625,8.06640625,4,17,86.38999938964844
uniform,2.44140625,2.44140625,13,11,86.0199966430664
uniform,7.44140625,7.44140625,3,1,86.75999450683594
distance,9.94140625,4.94140625,18,16,86.15999603271484
uniform,4.94140625,9.94140625,8,6,86.50999450683594
distance,3.69140625,3.69140625,1,9,86.72999572753906
uniform,8.69140625,8.69140625,11,19,86.40999603271484
uniform,6.19140625,1.19140625,6,4,86.65999603271484
distance,1.19140625,6.19140625,16,14,85.56999206542969
uniform,0.87890625,0.87890625,4,8,85.68999481201172
uniform,5.87890625,5.87890625,14,18,86.35999298095703
distance,8.37890625,3.37890625,9,3,86.30999755859375
distance,3.37890625,8.37890625,19,13,86.15999603271484
distance,4.62890625,4.62890625,11,15,86.5199966430664
distance,9.62890625,9.62890625,1,5,86.6199951171875
distance,7.12890625,2.12890625,16,20,86.38999938964844
uniform,2.12890625,7.12890625,6,10,86.43999481201172
uniform,1.50390625,2.75390625,18,4,85.9699935913086
distance,6.50390625,7.75390625,8,14,86.63999938964844
uniform,9.00390625,0.25390625,13,9,86.0199966430664
distance,4.00390625,5.25390625,3,19,86.52999877929688
uniform,2.75390625,1.50390625,10,17,86.5999984741211
distance,7.75390625,6.50390625,20,7,85.3499984741211
uniform,5.25390625,4.00390625,5,12,86.64999389648438
uniform,0.25390625,9.00390625,15,2,84.26000213623047
uniform,0.17578125,2.98828125,5,14,84.3499984741211
uniform,5.17578125,7.98828125,15,4,86.5199966430664
distance,7.67578125,0.48828125,10,19,86.65999603271484
uniform,2.67578125,5.48828125,20,9,84.65999603271484
distance,3.92578125,1.73828125,12,6,85.57999420166016
uniform,8.92578125,6.73828125,2,16,86.55999755859375
distance,6.42578125,4.23828125,17,1,86.80999755859375
uniform,1.42578125,9.23828125,7,11,85.93999481201172
uniform,2.05078125,1.11328125,16,18,86.22999572753906
distance,7.05078125,6.11328125,6,8,86.6199951171875
distance,9.55078125,3.61328125,11,13,86.30999755859375
distance,4.55078125,8.61328125,1,3,86.44999694824219
distance,3.30078125,4.86328125,8,5,86.27999877929688
uniform,8.30078125,9.86328125,18,15,86.41999816894531
distance,5.80078125,2.36328125,3,10,86.57999420166016
distance,0.80078125,7.36328125,13,20,85.2699966430664
distance,1.11328125,2.05078125,6,1,85.79999542236328
uniform,6.11328125,7.05078125,16,11,86.24999237060547
distance,8.61328125,4.55078125,1,6,86.8499984741211
uniform,3.61328125,9.55078125,11,16,86.3499984741211
distance,4.86328125,3.30078125,19,18,86.41999816894531
distance,9.86328125,8.30078125,9,8,86.43999481201172
distance,7.36328125,0.80078125,14,13,86.4699935913086
distance,2.36328125,5.80078125,4,3,86.3499984741211
uniform,1.73828125,3.92578125,15,10,85.62999725341797
distance,6.73828125,8.92578125,5,20,86.77999877929688
uniform,9.23828125,1.42578125,20,5,86.2199935913086
distance,4.23828125,6.42578125,10,15,86.64999389648438
distance,2.98828125,0.17578125,3,12,86.57999420166016
distance,7.98828125,5.17578125,13,2,86.40999603271484
distance,5.48828125,2.67578125,8,17,86.75
distance,0.48828125,7.67578125,18,7,83.26000213623047
distance,0.33203125,0.33203125,11,3,83.59000396728516
uniform,5.33203125,5.33203125,1,13,86.55999755859375
distance,7.83203125,2.83203125,16,8,85.89999389648438
uniform,2.83203125,7.83203125,6,18,86.66999816894531
uniform,4.08203125,4.08203125,3,16,86.75
distance,9.08203125,9.08203125,13,6,85.58999633789062
distance,6.58203125,1.58203125,8,11,86.37999725341797
distance,1.58203125,6.58203125,18,1,86.14999389648438
uniform,2.20703125,3.45703125,9,7,86.06999206542969
uniform,7.20703125,8.45703125,19,17,86.25999450683594
uniform,9.70703125,0.95703125,4,2,86.08999633789062
distance,4.70703125,5.95703125,14,12,86.43999481201172
uniform,3.45703125,2.20703125,17,14,86.33999633789062
uniform,8.45703125,7.20703125,7,4,85.90999603271484
distance,5.95703125,4.70703125,12,19,86.56999969482422
distance,0.95703125,9.70703125,2,9,85.8499984741211
uniform,0.64453125,4.39453125,20,11,83.86000061035156
distance,5.64453125,9.39453125,10,1,86.81999969482422
uniform,8.14453125,1.89453125,15,16,86.20999908447266
uniform,3.14453125,6.89453125,5,6,86.58999633789062
distance,4.39453125,0.64453125,7,9,86.60999298095703
distance,9.39453125,5.64453125,17,19,86.30999755859375
distance,6.89453125,3.14453125,2,4,86.63999938964844
uniform,1.89453125,8.14453125,12,14,86.04999542236328
uniform,1.26953125,1.26953125,1,20,86.08999633789062
uniform,6.26953125,6.26953125,11,10,86.39999389648438
distance,8.76953125,3.76953125,6,15,86.52999877929688
distance,3.76953125,8.76953125,16,5,85.75999450683594
uniform,2.51953125,2.51953125,14,2,86.5199966430664
distance,7.51953125,7.51953125,4,12,86.75999450683594
distance,5.01953125,0.01953125,19,7,85.39999389648438
distance,0.01953125,5.01953125,9,17,83.19000244140625
distance,0.029296875,2.509765625,20,20,82.44999694824219
uniform,5.029296875,7.509765625,10,10,86.49999237060547
uniform,7.529296875,0.009765625,15,15,86.25999450683594
distance,2.529296875,5.009765625,5,5,86.35999298095703
distance,3.779296875,1.259765625,7,3,86.32999420166016
uniform,8.779296875,6.259765625,17,13,86.28999328613281
distance,6.279296875,3.759765625,2,8,86.72999572753906
uniform,1.279296875,8.759765625,12,18,85.92999267578125
uniform,1.904296875,0.634765625,1,12,86.29999542236328
distance,6.904296875,5.634765625,11,2,86.41999816894531
uniform,9.404296875,3.134765625,6,17,86.70999908447266
uniform,4.404296875,8.134765625,16,7,84.73999786376953
uniform,3.154296875,4.384765625,13,9,86.15999603271484
uniform,8.154296875,9.384765625,3,19,83.87999725341797
distance,5.654296875,1.884765625,18,4,86.2199935913086
uniform,0.654296875,6.884765625,8,14,85.29999542236328
distance,0.966796875,2.197265625,11,7,84.75
distance,5.966796875,7.197265625,1,17,86.70999908447266
distance,8.466796875,4.697265625,16,2,86.3699951171875
distance,3.466796875,9.697265625,6,12,86.53999328613281
distance,4.716796875,3.447265625,4,15,86.50999450683594
distance,9.716796875,8.447265625,14,5,85.56999206542969
uniform,7.216796875,0.947265625,9,20,86.70999908447266
uniform,2.216796875,5.947265625,19,10,83.66000366210938
distance,1.591796875,4.072265625,10,3,85.70999145507812
distance,6.591796875,9.072265625,20,13,86.05999755859375
uniform,9.091796875,1.572265625,5,8,86.60999298095703
distance,4.091796875,6.572265625,15,18,86.40999603271484
uniform,2.841796875,0.322265625,18,16,86.31999206542969
uniform,7.841796875,5.322265625,8,6,86.55999755859375
uniform,5.341796875,2.822265625,13,11,86.47999572753906
distance,0.341796875,7.822265625,3,1,84.44000244140625
uniform,0.498046875,0.166015625,6,9,85.03999328613281
uniform,5.498046875,5.166015625,16,19,86.35999298095703
uniform,7.998046875,2.666015625,1,4,86.60999298095703
distance,2.998046875,7.666015625,11,14,86.33999633789062
uniform,4.248046875,3.916015625,18,12,86.25999450683594
uniform,9.248046875,8.916015625,8,2,86.47999572753906
distance,6.748046875,1.416015625,13,17,86.53999328613281
distance,1.748046875,6.416015625,3,7,86.24999237060547
distance,2.373046875,3.291015625,14,1,86.5199966430664
distance,7.373046875,8.291015625,4,11,83.86000061035156
distance,9.873046875,0.791015625,19,6,85.38999938964844
distance,4.873046875,5.791015625,9,16,86.50999450683594
uniform,3.623046875,2.041015625,2,18,86.57999420166016
uniform,8.623046875,7.041015625,12,8,86.32999420166016
distance,6.123046875,4.541015625,7,13,86.60999298095703
distance,1.123046875,9.541015625,17,3,85.57999420166016
distance,0.810546875,4.853515625,5,18,85.54999542236328
distance,5.810546875,9.853515625,15,8,85.73999786376953
uniform,8.310546875,2.353515625,10,13,86.49999237060547
uniform,3.310546875,7.353515625,20,3,86.4699935913086
uniform,4.560546875,1.103515625,12,5,85.91999816894531
distance,9.560546875,6.103515625,2,15,86.5199966430664
distance,7.060546875,3.603515625,17,10,85.64999389648438
uniform,2.060546875,8.603515625,7,20,86.5199966430664
distance,1.435546875,1.728515625,16,14,85.73999786376953
distance,6.435546875,6.728515625,6,4,85.3499984741211
distance,8.935546875,4.228515625,11,19,86.50999450683594
distance,3.935546875,9.228515625,1,9,86.79999542236328
uniform,2.685546875,2.978515625,9,6,85.82999420166016
uniform,7.685546875,7.978515625,19,16,86.23999786376953
uniform,5.185546875,0.478515625,4,1,86.75999450683594
distance,0.185546875,5.478515625,14,11,83.3499984741211
uniform,0.263671875,1.494140625,3,4,84.08000183105469
distance,5.263671875,6.494140625,13,14,86.5999984741211
distance,7.763671875,3.994140625,8,9,86.63999938964844
distance,2.763671875,8.994140625,18,19,86.39999389648438
distance,4.013671875,2.744140625,11,16,86.38999938964844
uniform,9.013671875,7.744140625,1,6,86.78999328613281
uniform,6.513671875,0.244140625,16,11,86.2699966430664
uniform,1.513671875,5.244140625,6,1,86.0999984741211
uniform,2.138671875,4.619140625,17,8,84.86000061035156
uniform,7.138671875,9.619140625,7,18,86.60999298095703
uniform,9.638671875,2.119140625,12,3,86.30999755859375
uniform,4.638671875,7.119140625,2,13,86.52999877929688
uniform,3.388671875,0.869140625,10,15,86.58999633789062
uniform,8.388671875,5.869140625,20,5,86.27999877929688
distance,5.888671875,3.369140625,5,20,86.7199935913086
distance,0.888671875,8.369140625,15,10,84.79000091552734
uniform,1.201171875,3.681640625,8,11,85.8499984741211
uniform,6.201171875,8.681640625,18,1,86.81999969482422
uniform,8.701171875,1.181640625,3,16,86.70999908447266
uniform,3.701171875,6.181640625,13,6,85.54999542236328
distance,4.951171875,2.431640625,20,8,85.78999328613281
distance,9.951171875,7.431640625,10,18,86.6199951171875
distance,7.451171875,4.931640625,15,3,86.42999267578125
